track_fid,track_seg_id,track_seg_point_id,ele,time,magvar,geoidheight,name,cmt,desc,src,link1_href,link1_text,link1_type,link2_href,link2_text,link2_type,sym,type,fix,sat,hdop,vdop,pdop,ageofdgpsdata,dgpsid
"0","0","0",-209,2019/12/24 22:32:35+00,,,,,,,,,,,,,,,,,,,,,
"0","0","1",-209.2,2019/12/24 22:32:36+00,,,,,,,,,,,,,,,,,,,,,
"0","0","2",-208.4,2019/12/24 22:32:37+00,,,,,,,,,,,,,,,,,,,,,
"0","0","3",-209.2,2019/12/24 22:32:38+00,,,,,,,,,,,,,,,,,,,,,
"0","0","4",-209.2,2019/12/24 22:32:39+00,,,,,,,,,,,,,,,,,,,,,
"0","0","5",-209.6,2019/12/24 22:32:40+00,,,,,,,,,,,,,,,,,,,,,
"0","0","6",-209.6,2019/12/24 22:32:42+00,,,,,,,,,,,,,,,,,,,,,
"0","0","7",-209.4,2019/12/24 22:32:43+00,,,,,,,,,,,,,,,,,,,,,
"0","0","8",-209.6,2019/12/24 22:32:45+00,,,,,,,,,,,,,,,,,,,,,
"0","0","9",-209.6,2019/12/24 22:32:46+00,,,,,,,,,,,,,,,,,,,,,
"0","0","10",-209.2,2019/12/24 22:32:48+00,,,,,,,,,,,,,,,,,,,,,
"0","0","11",-209,2019/12/24 22:32:50+00,,,,,,,,,,,,,,,,,,,,,
"0","0","12",-208.6,2019/12/24 22:32:52+00,,,,,,,,,,,,,,,,,,,,,
"0","0","13",-210.6,2019/12/24 22:32:55+00,,,,,,,,,,,,,,,,,,,,,
"0","0","14",-211,2019/12/24 22:32:56+00,,,,,,,,,,,,,,,,,,,,,
"0","0","15",-210.4,2019/12/24 22:32:59+00,,,,,,,,,,,,,,,,,,,,,
"0","0","16",-210.8,2019/12/24 22:33:00+00,,,,,,,,,,,,,,,,,,,,,
"0","0","17",-211,2019/12/24 22:33:02+00,,,,,,,,,,,,,,,,,,,,,
"0","0","18",-211,2019/12/24 22:33:06+00,,,,,,,,,,,,,,,,,,,,,
"0","0","19",-210.6,2019/12/24 22:33:09+00,,,,,,,,,,,,,,,,,,,,,
"0","0","20",-211,2019/12/24 22:33:11+00,,,,,,,,,,,,,,,,,,,,,
"0","0","21",-211,2019/12/24 22:33:14+00,,,,,,,,,,,,,,,,,,,,,
"0","0","22",-211.2,2019/12/24 22:33:15+00,,,,,,,,,,,,,,,,,,,,,
"0","0","23",-211.2,2019/12/24 22:33:16+00,,,,,,,,,,,,,,,,,,,,,
"0","0","24",-211.2,2019/12/24 22:33:19+00,,,,,,,,,,,,,,,,,,,,,
"0","0","25",-211.2,2019/12/24 22:33:23+00,,,,,,,,,,,,,,,,,,,,,
"0","0","26",-211.2,2019/12/24 22:33:27+00,,,,,,,,,,,,,,,,,,,,,
"0","0","27",-211.2,2019/12/24 22:33:31+00,,,,,,,,,,,,,,,,,,,,,
"0","0","28",-211.2,2019/12/24 22:33:32+00,,,,,,,,,,,,,,,,,,,,,
"0","0","29",-211.2,2019/12/24 22:33:35+00,,,,,,,,,,,,,,,,,,,,,
"0","0","30",-210.6,2019/12/24 22:33:40+00,,,,,,,,,,,,,,,,,,,,,
"0","0","31",-210.6,2019/12/24 22:33:43+00,,,,,,,,,,,,,,,,,,,,,
"0","0","32",-210.6,2019/12/24 22:33:44+00,,,,,,,,,,,,,,,,,,,,,
"0","0","33",-211,2019/12/24 22:33:52+00,,,,,,,,,,,,,,,,,,,,,
"0","0","34",-211.2,2019/12/24 22:33:56+00,,,,,,,,,,,,,,,,,,,,,
"0","0","35",-210.2,2019/12/24 22:34:03+00,,,,,,,,,,,,,,,,,,,,,
"0","0","36",-210.4,2019/12/24 22:34:04+00,,,,,,,,,,,,,,,,,,,,,
"0","0","37",-210.6,2019/12/24 22:34:05+00,,,,,,,,,,,,,,,,,,,,,
"0","0","38",-210.6,2019/12/24 22:34:07+00,,,,,,,,,,,,,,,,,,,,,
"0","0","39",-210.8,2019/12/24 22:34:11+00,,,,,,,,,,,,,,,,,,,,,
"0","0","40",-210.8,2019/12/24 22:34:13+00,,,,,,,,,,,,,,,,,,,,,
"0","0","41",-211,2019/12/24 22:34:17+00,,,,,,,,,,,,,,,,,,,,,
"0","0","42",-211,2019/12/24 22:34:21+00,,,,,,,,,,,,,,,,,,,,,
"0","0","43",-210.6,2019/12/24 22:34:25+00,,,,,,,,,,,,,,,,,,,,,
"0","0","44",-211,2019/12/24 22:34:31+00,,,,,,,,,,,,,,,,,,,,,
"0","0","45",-211.4,2019/12/24 22:34:34+00,,,,,,,,,,,,,,,,,,,,,
"0","0","46",-211.4,2019/12/24 22:34:40+00,,,,,,,,,,,,,,,,,,,,,
"0","0","47",-211.6,2019/12/24 22:34:42+00,,,,,,,,,,,,,,,,,,,,,
"0","0","48",-211.6,2019/12/24 22:34:45+00,,,,,,,,,,,,,,,,,,,,,
"0","0","49",-210.4,2019/12/24 22:34:48+00,,,,,,,,,,,,,,,,,,,,,
"0","0","50",-209.4,2019/12/24 22:34:50+00,,,,,,,,,,,,,,,,,,,,,
"0","0","51",-209.2,2019/12/24 22:34:54+00,,,,,,,,,,,,,,,,,,,,,
"0","0","52",-209.6,2019/12/24 22:35:00+00,,,,,,,,,,,,,,,,,,,,,
"0","0","53",-209.6,2019/12/24 22:35:01+00,,,,,,,,,,,,,,,,,,,,,
"0","0","54",-209.4,2019/12/24 22:35:04+00,,,,,,,,,,,,,,,,,,,,,
"0","0","55",-209.2,2019/12/24 22:35:08+00,,,,,,,,,,,,,,,,,,,,,
"0","0","56",-209.2,2019/12/24 22:35:12+00,,,,,,,,,,,,,,,,,,,,,
"0","0","57",-209.4,2019/12/24 22:35:16+00,,,,,,,,,,,,,,,,,,,,,
"0","0","58",-209.4,2019/12/24 22:35:18+00,,,,,,,,,,,,,,,,,,,,,
"0","0","59",-209.6,2019/12/24 22:35:20+00,,,,,,,,,,,,,,,,,,,,,
"0","0","60",-209.4,2019/12/24 22:35:23+00,,,,,,,,,,,,,,,,,,,,,
"0","0","61",-209.2,2019/12/24 22:35:25+00,,,,,,,,,,,,,,,,,,,,,
"0","0","62",-209,2019/12/24 22:35:29+00,,,,,,,,,,,,,,,,,,,,,
"0","0","63",-208.8,2019/12/24 22:35:30+00,,,,,,,,,,,,,,,,,,,,,
"0","0","64",-210.6,2019/12/24 22:35:35+00,,,,,,,,,,,,,,,,,,,,,
"0","0","65",-209.4,2019/12/24 22:35:38+00,,,,,,,,,,,,,,,,,,,,,
"0","0","66",-210.4,2019/12/24 22:35:40+00,,,,,,,,,,,,,,,,,,,,,
"0","0","67",-210.6,2019/12/24 22:35:41+00,,,,,,,,,,,,,,,,,,,,,
"0","0","68",-210.8,2019/12/24 22:35:43+00,,,,,,,,,,,,,,,,,,,,,
"0","0","69",-210.4,2019/12/24 22:35:47+00,,,,,,,,,,,,,,,,,,,,,
"0","0","70",-210.2,2019/12/24 22:35:48+00,,,,,,,,,,,,,,,,,,,,,
"0","0","71",-209.8,2019/12/24 22:35:52+00,,,,,,,,,,,,,,,,,,,,,
"0","0","72",-209.8,2019/12/24 22:35:56+00,,,,,,,,,,,,,,,,,,,,,
"0","0","73",-210.2,2019/12/24 22:36:00+00,,,,,,,,,,,,,,,,,,,,,
"0","0","74",-210.2,2019/12/24 22:36:04+00,,,,,,,,,,,,,,,,,,,,,
"0","0","75",-210,2019/12/24 22:36:08+00,,,,,,,,,,,,,,,,,,,,,
"0","0","76",-210.4,2019/12/24 22:36:14+00,,,,,,,,,,,,,,,,,,,,,
"0","0","77",-210.6,2019/12/24 22:36:18+00,,,,,,,,,,,,,,,,,,,,,
"0","0","78",-211,2019/12/24 22:36:20+00,,,,,,,,,,,,,,,,,,,,,
"0","0","79",-211,2019/12/24 22:36:21+00,,,,,,,,,,,,,,,,,,,,,
"0","0","80",-210,2019/12/24 22:36:26+00,,,,,,,,,,,,,,,,,,,,,
"0","0","81",-209,2019/12/24 22:36:27+00,,,,,,,,,,,,,,,,,,,,,
"0","0","82",-210.2,2019/12/24 22:36:29+00,,,,,,,,,,,,,,,,,,,,,
"0","0","83",-209.2,2019/12/24 22:36:33+00,,,,,,,,,,,,,,,,,,,,,
"0","0","84",-208.2,2019/12/24 22:36:34+00,,,,,,,,,,,,,,,,,,,,,
"0","0","85",-208.4,2019/12/24 22:36:40+00,,,,,,,,,,,,,,,,,,,,,
"0","0","86",-209,2019/12/24 22:36:42+00,,,,,,,,,,,,,,,,,,,,,
"0","0","87",-209,2019/12/24 22:36:44+00,,,,,,,,,,,,,,,,,,,,,
"0","0","88",-208.8,2019/12/24 22:36:48+00,,,,,,,,,,,,,,,,,,,,,
"0","0","89",-209,2019/12/24 22:36:53+00,,,,,,,,,,,,,,,,,,,,,
"0","0","90",-208.8,2019/12/24 22:36:55+00,,,,,,,,,,,,,,,,,,,,,
"0","0","91",-208.6,2019/12/24 22:36:57+00,,,,,,,,,,,,,,,,,,,,,
"0","0","92",-208.6,2019/12/24 22:37:00+00,,,,,,,,,,,,,,,,,,,,,
"0","0","93",-209,2019/12/24 22:37:02+00,,,,,,,,,,,,,,,,,,,,,
"0","0","94",-208.4,2019/12/24 22:37:07+00,,,,,,,,,,,,,,,,,,,,,
"0","0","95",-208.4,2019/12/24 22:37:09+00,,,,,,,,,,,,,,,,,,,,,
"0","0","96",-208.6,2019/12/24 22:37:10+00,,,,,,,,,,,,,,,,,,,,,
"0","0","97",-207.6,2019/12/24 22:37:15+00,,,,,,,,,,,,,,,,,,,,,
"0","0","98",-208.4,2019/12/24 22:37:19+00,,,,,,,,,,,,,,,,,,,,,
"0","0","99",-209,2019/12/24 22:37:20+00,,,,,,,,,,,,,,,,,,,,,
"0","0","100",-206.8,2019/12/24 22:37:23+00,,,,,,,,,,,,,,,,,,,,,
"0","0","101",-207.4,2019/12/24 22:37:25+00,,,,,,,,,,,,,,,,,,,,,
"0","0","102",-207.6,2019/12/24 22:37:26+00,,,,,,,,,,,,,,,,,,,,,
"0","0","103",-207.6,2019/12/24 22:37:27+00,,,,,,,,,,,,,,,,,,,,,
"0","0","104",-208,2019/12/24 22:37:28+00,,,,,,,,,,,,,,,,,,,,,
"0","0","105",-208.8,2019/12/24 22:37:31+00,,,,,,,,,,,,,,,,,,,,,
"0","0","106",-208.8,2019/12/24 22:37:33+00,,,,,,,,,,,,,,,,,,,,,
"0","0","107",-208.6,2019/12/24 22:37:34+00,,,,,,,,,,,,,,,,,,,,,
"0","0","108",-209,2019/12/24 22:37:40+00,,,,,,,,,,,,,,,,,,,,,
"0","0","109",-210.2,2019/12/24 22:37:42+00,,,,,,,,,,,,,,,,,,,,,
"0","0","110",-211.2,2019/12/24 22:37:44+00,,,,,,,,,,,,,,,,,,,,,
"0","0","111",-211.6,2019/12/24 22:37:46+00,,,,,,,,,,,,,,,,,,,,,
"0","0","112",-212,2019/12/24 22:37:47+00,,,,,,,,,,,,,,,,,,,,,
"0","0","113",-212.2,2019/12/24 22:37:48+00,,,,,,,,,,,,,,,,,,,,,
"0","0","114",-212.4,2019/12/24 22:37:53+00,,,,,,,,,,,,,,,,,,,,,
"0","0","115",-211.4,2019/12/24 22:37:58+00,,,,,,,,,,,,,,,,,,,,,
"0","0","116",-211.6,2019/12/24 22:38:02+00,,,,,,,,,,,,,,,,,,,,,
"0","0","117",-211.6,2019/12/24 22:38:07+00,,,,,,,,,,,,,,,,,,,,,
"0","0","118",-210,2019/12/24 22:38:08+00,,,,,,,,,,,,,,,,,,,,,
"0","0","119",-209.6,2019/12/24 22:38:12+00,,,,,,,,,,,,,,,,,,,,,
"0","0","120",-209,2019/12/24 22:38:14+00,,,,,,,,,,,,,,,,,,,,,
"0","0","121",-209.4,2019/12/24 22:38:17+00,,,,,,,,,,,,,,,,,,,,,
"0","0","122",-209,2019/12/24 22:38:19+00,,,,,,,,,,,,,,,,,,,,,
"0","0","123",-208.6,2019/12/24 22:38:20+00,,,,,,,,,,,,,,,,,,,,,
"0","0","124",-208,2019/12/24 22:38:24+00,,,,,,,,,,,,,,,,,,,,,
"0","0","125",-209,2019/12/24 22:38:28+00,,,,,,,,,,,,,,,,,,,,,
"0","0","126",-208.8,2019/12/24 22:38:32+00,,,,,,,,,,,,,,,,,,,,,
"0","0","127",-208.4,2019/12/24 22:38:35+00,,,,,,,,,,,,,,,,,,,,,
"0","0","128",-208,2019/12/24 22:38:37+00,,,,,,,,,,,,,,,,,,,,,
"0","0","129",-208,2019/12/24 22:38:38+00,,,,,,,,,,,,,,,,,,,,,
"0","0","130",-207.8,2019/12/24 22:38:40+00,,,,,,,,,,,,,,,,,,,,,
"0","0","131",-207.8,2019/12/24 22:38:42+00,,,,,,,,,,,,,,,,,,,,,
"0","0","132",-208.2,2019/12/24 22:38:43+00,,,,,,,,,,,,,,,,,,,,,
"0","0","133",-208,2019/12/24 22:38:45+00,,,,,,,,,,,,,,,,,,,,,
"0","0","134",-208,2019/12/24 22:38:46+00,,,,,,,,,,,,,,,,,,,,,
"0","0","135",-207.2,2019/12/24 22:38:49+00,,,,,,,,,,,,,,,,,,,,,
"0","0","136",-208,2019/12/24 22:38:53+00,,,,,,,,,,,,,,,,,,,,,
"0","0","137",-208.4,2019/12/24 22:38:54+00,,,,,,,,,,,,,,,,,,,,,
"0","0","138",-208.4,2019/12/24 22:38:59+00,,,,,,,,,,,,,,,,,,,,,
"0","0","139",-208.2,2019/12/24 22:39:02+00,,,,,,,,,,,,,,,,,,,,,
"0","0","140",-207.8,2019/12/24 22:39:04+00,,,,,,,,,,,,,,,,,,,,,
"0","0","141",-207.6,2019/12/24 22:39:05+00,,,,,,,,,,,,,,,,,,,,,
"0","0","142",-207.8,2019/12/24 22:39:07+00,,,,,,,,,,,,,,,,,,,,,
"0","0","143",-208.2,2019/12/24 22:39:08+00,,,,,,,,,,,,,,,,,,,,,
"0","0","144",-209,2019/12/24 22:39:12+00,,,,,,,,,,,,,,,,,,,,,
"0","0","145",-208.8,2019/12/24 22:39:15+00,,,,,,,,,,,,,,,,,,,,,
"0","0","146",-208.6,2019/12/24 22:39:16+00,,,,,,,,,,,,,,,,,,,,,
"0","0","147",-206.6,2019/12/24 22:39:20+00,,,,,,,,,,,,,,,,,,,,,
"0","0","148",-206.2,2019/12/24 22:39:21+00,,,,,,,,,,,,,,,,,,,,,
"0","0","149",-208.6,2019/12/24 22:39:25+00,,,,,,,,,,,,,,,,,,,,,
"0","0","150",-209,2019/12/24 22:39:26+00,,,,,,,,,,,,,,,,,,,,,
"0","0","151",-209.4,2019/12/24 22:39:30+00,,,,,,,,,,,,,,,,,,,,,
"0","0","152",-209.2,2019/12/24 22:39:31+00,,,,,,,,,,,,,,,,,,,,,
"0","0","153",-208.4,2019/12/24 22:39:33+00,,,,,,,,,,,,,,,,,,,,,
"0","0","154",-208.2,2019/12/24 22:39:34+00,,,,,,,,,,,,,,,,,,,,,
"0","0","155",-209.4,2019/12/24 22:39:39+00,,,,,,,,,,,,,,,,,,,,,
"0","0","156",-209.6,2019/12/24 22:39:41+00,,,,,,,,,,,,,,,,,,,,,
"0","0","157",-209.6,2019/12/24 22:39:43+00,,,,,,,,,,,,,,,,,,,,,
"0","0","158",-208.4,2019/12/24 22:39:48+00,,,,,,,,,,,,,,,,,,,,,
"0","0","159",-208.4,2019/12/24 22:39:49+00,,,,,,,,,,,,,,,,,,,,,
"0","0","160",-209.4,2019/12/24 22:39:54+00,,,,,,,,,,,,,,,,,,,,,
"0","0","161",-209.4,2019/12/24 22:39:55+00,,,,,,,,,,,,,,,,,,,,,
"0","0","162",-209,2019/12/24 22:39:57+00,,,,,,,,,,,,,,,,,,,,,
"0","0","163",-208.6,2019/12/24 22:39:58+00,,,,,,,,,,,,,,,,,,,,,
"0","0","164",-208.2,2019/12/24 22:40:02+00,,,,,,,,,,,,,,,,,,,,,
"0","0","165",-209.2,2019/12/24 22:40:05+00,,,,,,,,,,,,,,,,,,,,,
"0","0","166",-210.2,2019/12/24 22:40:08+00,,,,,,,,,,,,,,,,,,,,,
"0","0","167",-210,2019/12/24 22:40:09+00,,,,,,,,,,,,,,,,,,,,,
"0","0","168",-209.2,2019/12/24 22:40:12+00,,,,,,,,,,,,,,,,,,,,,
"0","0","169",-208.2,2019/12/24 22:40:14+00,,,,,,,,,,,,,,,,,,,,,
"0","0","170",-208.4,2019/12/24 22:40:18+00,,,,,,,,,,,,,,,,,,,,,
"0","0","171",-209,2019/12/24 22:40:21+00,,,,,,,,,,,,,,,,,,,,,
"0","0","172",-207.6,2019/12/24 22:40:23+00,,,,,,,,,,,,,,,,,,,,,
"0","0","173",-206.6,2019/12/24 22:40:25+00,,,,,,,,,,,,,,,,,,,,,
"0","0","174",-207.6,2019/12/24 22:40:31+00,,,,,,,,,,,,,,,,,,,,,
"0","0","175",-208.8,2019/12/24 22:40:34+00,,,,,,,,,,,,,,,,,,,,,
"0","0","176",-209.8,2019/12/24 22:40:38+00,,,,,,,,,,,,,,,,,,,,,
"0","0","177",-210,2019/12/24 22:40:42+00,,,,,,,,,,,,,,,,,,,,,
"0","0","178",-209.8,2019/12/24 22:40:43+00,,,,,,,,,,,,,,,,,,,,,
"0","0","179",-209.6,2019/12/24 22:40:45+00,,,,,,,,,,,,,,,,,,,,,
"0","0","180",-209.6,2019/12/24 22:40:46+00,,,,,,,,,,,,,,,,,,,,,
"0","0","181",-208.6,2019/12/24 22:40:49+00,,,,,,,,,,,,,,,,,,,,,
"0","0","182",-207.6,2019/12/24 22:40:51+00,,,,,,,,,,,,,,,,,,,,,
"0","0","183",-207.4,2019/12/24 22:40:52+00,,,,,,,,,,,,,,,,,,,,,
"0","0","184",-207.6,2019/12/24 22:40:55+00,,,,,,,,,,,,,,,,,,,,,
"0","0","185",-208.8,2019/12/24 22:40:57+00,,,,,,,,,,,,,,,,,,,,,
"0","0","186",-209.8,2019/12/24 22:40:59+00,,,,,,,,,,,,,,,,,,,,,
"0","0","187",-210,2019/12/24 22:41:00+00,,,,,,,,,,,,,,,,,,,,,
"0","0","188",-210.2,2019/12/24 22:41:03+00,,,,,,,,,,,,,,,,,,,,,
"0","0","189",-209.4,2019/12/24 22:41:08+00,,,,,,,,,,,,,,,,,,,,,
"0","0","190",-209,2019/12/24 22:41:09+00,,,,,,,,,,,,,,,,,,,,,
"0","0","191",-208.6,2019/12/24 22:41:10+00,,,,,,,,,,,,,,,,,,,,,
"0","0","192",-208,2019/12/24 22:41:12+00,,,,,,,,,,,,,,,,,,,,,
"0","0","193",-208.2,2019/12/24 22:41:15+00,,,,,,,,,,,,,,,,,,,,,
"0","0","194",-209.6,2019/12/24 22:41:18+00,,,,,,,,,,,,,,,,,,,,,
"0","0","195",-210.2,2019/12/24 22:41:24+00,,,,,,,,,,,,,,,,,,,,,
"0","0","196",-210,2019/12/24 22:41:28+00,,,,,,,,,,,,,,,,,,,,,
"0","0","197",-209.8,2019/12/24 22:41:30+00,,,,,,,,,,,,,,,,,,,,,
"0","0","198",-209.6,2019/12/24 22:41:31+00,,,,,,,,,,,,,,,,,,,,,
"0","0","199",-208.8,2019/12/24 22:41:34+00,,,,,,,,,,,,,,,,,,,,,
"0","0","200",-208.6,2019/12/24 22:41:35+00,,,,,,,,,,,,,,,,,,,,,
"0","0","201",-208.6,2019/12/24 22:41:38+00,,,,,,,,,,,,,,,,,,,,,
"0","0","202",-210.2,2019/12/24 22:41:40+00,,,,,,,,,,,,,,,,,,,,,
"0","0","203",-210.6,2019/12/24 22:41:41+00,,,,,,,,,,,,,,,,,,,,,
"0","0","204",-210.2,2019/12/24 22:41:46+00,,,,,,,,,,,,,,,,,,,,,
"0","0","205",-210,2019/12/24 22:41:50+00,,,,,,,,,,,,,,,,,,,,,
"0","0","206",-209.2,2019/12/24 22:41:53+00,,,,,,,,,,,,,,,,,,,,,
"0","0","207",-208,2019/12/24 22:41:54+00,,,,,,,,,,,,,,,,,,,,,
"0","0","208",-207.6,2019/12/24 22:41:55+00,,,,,,,,,,,,,,,,,,,,,
"0","0","209",-206.4,2019/12/24 22:41:59+00,,,,,,,,,,,,,,,,,,,,,
"0","0","210",-207,2019/12/24 22:42:02+00,,,,,,,,,,,,,,,,,,,,,
"0","0","211",-206.8,2019/12/24 22:42:04+00,,,,,,,,,,,,,,,,,,,,,
"0","0","212",-205.6,2019/12/24 22:42:09+00,,,,,,,,,,,,,,,,,,,,,
"0","0","213",-205.4,2019/12/24 22:42:10+00,,,,,,,,,,,,,,,,,,,,,
"0","0","214",-205.2,2019/12/24 22:42:11+00,,,,,,,,,,,,,,,,,,,,,
"0","0","215",-205.2,2019/12/24 22:42:13+00,,,,,,,,,,,,,,,,,,,,,
"0","0","216",-206.4,2019/12/24 22:42:16+00,,,,,,,,,,,,,,,,,,,,,
"0","0","217",-207.4,2019/12/24 22:42:19+00,,,,,,,,,,,,,,,,,,,,,
"0","0","218",-207.4,2019/12/24 22:42:20+00,,,,,,,,,,,,,,,,,,,,,
"0","0","219",-206.8,2019/12/24 22:42:24+00,,,,,,,,,,,,,,,,,,,,,
"0","0","220",-206.4,2019/12/24 22:42:25+00,,,,,,,,,,,,,,,,,,,,,
"0","0","221",-206.2,2019/12/24 22:42:26+00,,,,,,,,,,,,,,,,,,,,,
"0","0","222",-206,2019/12/24 22:42:28+00,,,,,,,,,,,,,,,,,,,,,
"0","0","223",-206,2019/12/24 22:42:30+00,,,,,,,,,,,,,,,,,,,,,
"0","0","224",-206.6,2019/12/24 22:42:34+00,,,,,,,,,,,,,,,,,,,,,
"0","0","225",-206.8,2019/12/24 22:42:41+00,,,,,,,,,,,,,,,,,,,,,
"0","0","226",-207.2,2019/12/24 22:42:42+00,,,,,,,,,,,,,,,,,,,,,
"0","0","227",-207.6,2019/12/24 22:42:43+00,,,,,,,,,,,,,,,,,,,,,
"0","0","228",-207.8,2019/12/24 22:42:44+00,,,,,,,,,,,,,,,,,,,,,
"0","0","229",-208,2019/12/24 22:42:45+00,,,,,,,,,,,,,,,,,,,,,
"0","0","230",-208,2019/12/24 22:42:47+00,,,,,,,,,,,,,,,,,,,,,
"0","0","231",-208.2,2019/12/24 22:42:48+00,,,,,,,,,,,,,,,,,,,,,
"0","0","232",-208,2019/12/24 22:42:49+00,,,,,,,,,,,,,,,,,,,,,
"0","0","233",-207.8,2019/12/24 22:42:51+00,,,,,,,,,,,,,,,,,,,,,
"0","0","234",-207.8,2019/12/24 22:42:53+00,,,,,,,,,,,,,,,,,,,,,
"0","0","235",-207.2,2019/12/24 22:42:57+00,,,,,,,,,,,,,,,,,,,,,
"0","0","236",-207,2019/12/24 22:42:58+00,,,,,,,,,,,,,,,,,,,,,
"0","0","237",-206.8,2019/12/24 22:42:59+00,,,,,,,,,,,,,,,,,,,,,
"0","0","238",-206.4,2019/12/24 22:43:00+00,,,,,,,,,,,,,,,,,,,,,
"0","0","239",-206.8,2019/12/24 22:43:05+00,,,,,,,,,,,,,,,,,,,,,
"0","0","240",-207.4,2019/12/24 22:43:07+00,,,,,,,,,,,,,,,,,,,,,
"0","0","241",-207.4,2019/12/24 22:43:08+00,,,,,,,,,,,,,,,,,,,,,
"0","0","242",-209.4,2019/12/24 22:43:09+00,,,,,,,,,,,,,,,,,,,,,
"0","0","243",-209,2019/12/24 22:43:12+00,,,,,,,,,,,,,,,,,,,,,
"0","0","244",-209,2019/12/24 22:43:16+00,,,,,,,,,,,,,,,,,,,,,
"0","0","245",-209,2019/12/24 22:43:18+00,,,,,,,,,,,,,,,,,,,,,
"0","0","246",-209,2019/12/24 22:43:19+00,,,,,,,,,,,,,,,,,,,,,
"0","0","247",-208.6,2019/12/24 22:43:22+00,,,,,,,,,,,,,,,,,,,,,
"0","0","248",-208.2,2019/12/24 22:43:26+00,,,,,,,,,,,,,,,,,,,,,
"0","0","249",-208,2019/12/24 22:43:29+00,,,,,,,,,,,,,,,,,,,,,
"0","0","250",-208.8,2019/12/24 22:43:37+00,,,,,,,,,,,,,,,,,,,,,
"0","0","251",-208.6,2019/12/24 22:43:39+00,,,,,,,,,,,,,,,,,,,,,
"0","0","252",-207.8,2019/12/24 22:43:46+00,,,,,,,,,,,,,,,,,,,,,
"0","0","253",-207.4,2019/12/24 22:43:50+00,,,,,,,,,,,,,,,,,,,,,
"0","0","254",-207.4,2019/12/24 22:43:52+00,,,,,,,,,,,,,,,,,,,,,
"0","0","255",-208,2019/12/24 22:43:54+00,,,,,,,,,,,,,,,,,,,,,
"0","0","256",-209.4,2019/12/24 22:43:57+00,,,,,,,,,,,,,,,,,,,,,
"0","0","257",-209.8,2019/12/24 22:44:00+00,,,,,,,,,,,,,,,,,,,,,
"0","0","258",-209.6,2019/12/24 22:44:02+00,,,,,,,,,,,,,,,,,,,,,
"0","0","259",-209.4,2019/12/24 22:44:04+00,,,,,,,,,,,,,,,,,,,,,
"0","0","260",-209.8,2019/12/24 22:44:10+00,,,,,,,,,,,,,,,,,,,,,
"0","0","261",-209.8,2019/12/24 22:44:16+00,,,,,,,,,,,,,,,,,,,,,
"0","0","262",-209.6,2019/12/24 22:44:17+00,,,,,,,,,,,,,,,,,,,,,
"0","0","263",-209,2019/12/24 22:44:20+00,,,,,,,,,,,,,,,,,,,,,
"0","0","264",-210.2,2019/12/24 22:44:24+00,,,,,,,,,,,,,,,,,,,,,
"0","0","265",-208,2019/12/24 22:44:25+00,,,,,,,,,,,,,,,,,,,,,
"0","0","266",-208,2019/12/24 22:44:30+00,,,,,,,,,,,,,,,,,,,,,
"0","0","267",-208.2,2019/12/24 22:44:33+00,,,,,,,,,,,,,,,,,,,,,
"0","0","268",-208.6,2019/12/24 22:44:34+00,,,,,,,,,,,,,,,,,,,,,
"0","0","269",-209,2019/12/24 22:44:35+00,,,,,,,,,,,,,,,,,,,,,
"0","0","270",-209.6,2019/12/24 22:44:40+00,,,,,,,,,,,,,,,,,,,,,
"0","0","271",-209.4,2019/12/24 22:44:41+00,,,,,,,,,,,,,,,,,,,,,
"0","0","272",-208.6,2019/12/24 22:44:44+00,,,,,,,,,,,,,,,,,,,,,
"0","0","273",-208.6,2019/12/24 22:44:45+00,,,,,,,,,,,,,,,,,,,,,
"0","0","274",-208.2,2019/12/24 22:44:48+00,,,,,,,,,,,,,,,,,,,,,
"0","0","275",-208.2,2019/12/24 22:44:49+00,,,,,,,,,,,,,,,,,,,,,
"0","0","276",-208.2,2019/12/24 22:44:55+00,,,,,,,,,,,,,,,,,,,,,
"0","0","277",-207.8,2019/12/24 22:45:00+00,,,,,,,,,,,,,,,,,,,,,
"0","0","278",-208,2019/12/24 22:45:03+00,,,,,,,,,,,,,,,,,,,,,
"0","0","279",-208.4,2019/12/24 22:45:04+00,,,,,,,,,,,,,,,,,,,,,
"0","0","280",-208.8,2019/12/24 22:45:06+00,,,,,,,,,,,,,,,,,,,,,
"0","0","281",-209,2019/12/24 22:45:13+00,,,,,,,,,,,,,,,,,,,,,
"0","0","282",-208.8,2019/12/24 22:45:17+00,,,,,,,,,,,,,,,,,,,,,
"0","0","283",-208.8,2019/12/24 22:45:18+00,,,,,,,,,,,,,,,,,,,,,
"0","0","284",-208.8,2019/12/24 22:45:20+00,,,,,,,,,,,,,,,,,,,,,
"0","0","285",-209,2019/12/24 22:45:22+00,,,,,,,,,,,,,,,,,,,,,
"0","0","286",-209,2019/12/24 22:45:23+00,,,,,,,,,,,,,,,,,,,,,
"0","0","287",-209,2019/12/24 22:45:24+00,,,,,,,,,,,,,,,,,,,,,
"0","0","288",-208.8,2019/12/24 22:45:26+00,,,,,,,,,,,,,,,,,,,,,
"0","0","289",-208.2,2019/12/24 22:45:29+00,,,,,,,,,,,,,,,,,,,,,
"0","0","290",-208.4,2019/12/24 22:45:33+00,,,,,,,,,,,,,,,,,,,,,
"0","0","291",-209.4,2019/12/24 22:45:40+00,,,,,,,,,,,,,,,,,,,,,
"0","0","292",-209.8,2019/12/24 22:45:45+00,,,,,,,,,,,,,,,,,,,,,
"0","0","293",-209.8,2019/12/24 22:45:50+00,,,,,,,,,,,,,,,,,,,,,
"0","0","294",-209.8,2019/12/24 22:45:52+00,,,,,,,,,,,,,,,,,,,,,
"0","0","295",-210,2019/12/24 22:45:53+00,,,,,,,,,,,,,,,,,,,,,
"0","0","296",-210,2019/12/24 22:45:57+00,,,,,,,,,,,,,,,,,,,,,
"0","0","297",-210,2019/12/24 22:46:02+00,,,,,,,,,,,,,,,,,,,,,
"0","0","298",-208.6,2019/12/24 22:46:06+00,,,,,,,,,,,,,,,,,,,,,
"0","0","299",-208.2,2019/12/24 22:46:07+00,,,,,,,,,,,,,,,,,,,,,
"0","0","300",-209.6,2019/12/24 22:46:11+00,,,,,,,,,,,,,,,,,,,,,
"0","0","301",-209.6,2019/12/24 22:46:12+00,,,,,,,,,,,,,,,,,,,,,
"0","0","302",-208.6,2019/12/24 22:46:15+00,,,,,,,,,,,,,,,,,,,,,
"0","0","303",-208.6,2019/12/24 22:46:16+00,,,,,,,,,,,,,,,,,,,,,
"0","0","304",-209,2019/12/24 22:46:21+00,,,,,,,,,,,,,,,,,,,,,
"0","0","305",-209.8,2019/12/24 22:46:22+00,,,,,,,,,,,,,,,,,,,,,
"0","0","306",-208.6,2019/12/24 22:46:25+00,,,,,,,,,,,,,,,,,,,,,
"0","0","307",-209.4,2019/12/24 22:46:26+00,,,,,,,,,,,,,,,,,,,,,
"0","0","308",-209.2,2019/12/24 22:46:31+00,,,,,,,,,,,,,,,,,,,,,
"0","0","309",-209.8,2019/12/24 22:46:34+00,,,,,,,,,,,,,,,,,,,,,
"0","0","310",-210,2019/12/24 22:46:35+00,,,,,,,,,,,,,,,,,,,,,
"0","0","311",-210,2019/12/24 22:46:40+00,,,,,,,,,,,,,,,,,,,,,
"0","0","312",-209.4,2019/12/24 22:46:42+00,,,,,,,,,,,,,,,,,,,,,
"0","0","313",-208.6,2019/12/24 22:46:44+00,,,,,,,,,,,,,,,,,,,,,
"0","0","314",-209.2,2019/12/24 22:46:48+00,,,,,,,,,,,,,,,,,,,,,
"0","0","315",-209.8,2019/12/24 22:46:49+00,,,,,,,,,,,,,,,,,,,,,
"0","0","316",-210.6,2019/12/24 22:46:54+00,,,,,,,,,,,,,,,,,,,,,
"0","0","317",-210.6,2019/12/24 22:46:56+00,,,,,,,,,,,,,,,,,,,,,
"0","0","318",-210.6,2019/12/24 22:46:58+00,,,,,,,,,,,,,,,,,,,,,
"0","0","319",-210.6,2019/12/24 22:47:02+00,,,,,,,,,,,,,,,,,,,,,
"0","0","320",-210.6,2019/12/24 22:47:04+00,,,,,,,,,,,,,,,,,,,,,
"0","0","321",-210.4,2019/12/24 22:47:08+00,,,,,,,,,,,,,,,,,,,,,
"0","0","322",-210.4,2019/12/24 22:47:10+00,,,,,,,,,,,,,,,,,,,,,
"0","0","323",-210,2019/12/24 22:47:14+00,,,,,,,,,,,,,,,,,,,,,
"0","0","324",-210,2019/12/24 22:47:16+00,,,,,,,,,,,,,,,,,,,,,
"0","0","325",-209.8,2019/12/24 22:47:19+00,,,,,,,,,,,,,,,,,,,,,
"0","0","326",-210,2019/12/24 22:47:21+00,,,,,,,,,,,,,,,,,,,,,
"0","0","327",-210,2019/12/24 22:47:24+00,,,,,,,,,,,,,,,,,,,,,
"0","0","328",-209.8,2019/12/24 22:47:26+00,,,,,,,,,,,,,,,,,,,,,
"0","0","329",-208.6,2019/12/24 22:47:29+00,,,,,,,,,,,,,,,,,,,,,
"0","0","330",-208.6,2019/12/24 22:47:31+00,,,,,,,,,,,,,,,,,,,,,
"0","0","331",-209.8,2019/12/24 22:47:33+00,,,,,,,,,,,,,,,,,,,,,
"0","0","332",-211,2019/12/24 22:47:36+00,,,,,,,,,,,,,,,,,,,,,
"0","0","333",-209.4,2019/12/24 22:47:37+00,,,,,,,,,,,,,,,,,,,,,
"0","0","334",-209.6,2019/12/24 22:47:40+00,,,,,,,,,,,,,,,,,,,,,
"0","0","335",-209,2019/12/24 22:47:47+00,,,,,,,,,,,,,,,,,,,,,
"0","0","336",-208.2,2019/12/24 22:47:49+00,,,,,,,,,,,,,,,,,,,,,
"0","0","337",-207.4,2019/12/24 22:47:56+00,,,,,,,,,,,,,,,,,,,,,
"0","0","338",-207.6,2019/12/24 22:47:58+00,,,,,,,,,,,,,,,,,,,,,
"0","0","339",-208,2019/12/24 22:47:59+00,,,,,,,,,,,,,,,,,,,,,
"0","0","340",-208.6,2019/12/24 22:48:03+00,,,,,,,,,,,,,,,,,,,,,
"0","0","341",-208.6,2019/12/24 22:48:06+00,,,,,,,,,,,,,,,,,,,,,
"0","0","342",-209,2019/12/24 22:48:11+00,,,,,,,,,,,,,,,,,,,,,
"0","0","343",-208.8,2019/12/24 22:48:12+00,,,,,,,,,,,,,,,,,,,,,
"0","0","344",-208.6,2019/12/24 22:48:14+00,,,,,,,,,,,,,,,,,,,,,
"0","0","345",-208.4,2019/12/24 22:48:15+00,,,,,,,,,,,,,,,,,,,,,
"0","0","346",-208.2,2019/12/24 22:48:16+00,,,,,,,,,,,,,,,,,,,,,
"0","0","347",-206,2019/12/24 22:48:18+00,,,,,,,,,,,,,,,,,,,,,
"0","0","348",-205.8,2019/12/24 22:48:22+00,,,,,,,,,,,,,,,,,,,,,
"0","0","349",-207.4,2019/12/24 22:48:27+00,,,,,,,,,,,,,,,,,,,,,
"0","0","350",-207.6,2019/12/24 22:48:31+00,,,,,,,,,,,,,,,,,,,,,
"0","0","351",-207.4,2019/12/24 22:48:33+00,,,,,,,,,,,,,,,,,,,,,
"0","0","352",-207.4,2019/12/24 22:48:35+00,,,,,,,,,,,,,,,,,,,,,
"0","0","353",-207.2,2019/12/24 22:48:36+00,,,,,,,,,,,,,,,,,,,,,
"0","0","354",-207.2,2019/12/24 22:48:38+00,,,,,,,,,,,,,,,,,,,,,
"0","0","355",-206.4,2019/12/24 22:48:42+00,,,,,,,,,,,,,,,,,,,,,
"0","0","356",-206.2,2019/12/24 22:48:43+00,,,,,,,,,,,,,,,,,,,,,
"0","0","357",-205,2019/12/24 22:48:46+00,,,,,,,,,,,,,,,,,,,,,
"0","0","358",-206.2,2019/12/24 22:48:48+00,,,,,,,,,,,,,,,,,,,,,
"0","0","359",-207.4,2019/12/24 22:48:50+00,,,,,,,,,,,,,,,,,,,,,
"0","0","360",-207.6,2019/12/24 22:48:55+00,,,,,,,,,,,,,,,,,,,,,
"0","0","361",-207.6,2019/12/24 22:48:59+00,,,,,,,,,,,,,,,,,,,,,
"0","0","362",-207.6,2019/12/24 22:49:01+00,,,,,,,,,,,,,,,,,,,,,
"0","0","363",-207.6,2019/12/24 22:49:05+00,,,,,,,,,,,,,,,,,,,,,
"0","0","364",-207.6,2019/12/24 22:49:11+00,,,,,,,,,,,,,,,,,,,,,
"0","0","365",-207.6,2019/12/24 22:49:14+00,,,,,,,,,,,,,,,,,,,,,
"0","0","366",-207.6,2019/12/24 22:49:17+00,,,,,,,,,,,,,,,,,,,,,
"0","0","367",-207.6,2019/12/24 22:49:18+00,,,,,,,,,,,,,,,,,,,,,
"0","0","368",-207.6,2019/12/24 22:49:21+00,,,,,,,,,,,,,,,,,,,,,
"0","0","369",-207.6,2019/12/24 22:49:22+00,,,,,,,,,,,,,,,,,,,,,
"0","0","370",-207.6,2019/12/24 22:49:25+00,,,,,,,,,,,,,,,,,,,,,
"0","0","371",-207.6,2019/12/24 22:49:26+00,,,,,,,,,,,,,,,,,,,,,
"0","0","372",-207.6,2019/12/24 22:49:28+00,,,,,,,,,,,,,,,,,,,,,
"0","0","373",-207.6,2019/12/24 22:49:29+00,,,,,,,,,,,,,,,,,,,,,
"0","0","374",-207.6,2019/12/24 22:49:33+00,,,,,,,,,,,,,,,,,,,,,
"0","0","375",-207.6,2019/12/24 22:49:37+00,,,,,,,,,,,,,,,,,,,,,
"0","0","376",-207.6,2019/12/24 22:49:38+00,,,,,,,,,,,,,,,,,,,,,
"0","0","377",-207.4,2019/12/24 22:49:44+00,,,,,,,,,,,,,,,,,,,,,
"0","0","378",-207.4,2019/12/24 22:49:49+00,,,,,,,,,,,,,,,,,,,,,
"0","0","379",-207.4,2019/12/24 22:49:50+00,,,,,,,,,,,,,,,,,,,,,
"0","0","380",-207.4,2019/12/24 22:49:54+00,,,,,,,,,,,,,,,,,,,,,
"0","0","381",-207.4,2019/12/24 22:49:59+00,,,,,,,,,,,,,,,,,,,,,
"0","0","382",-207.4,2019/12/24 22:50:02+00,,,,,,,,,,,,,,,,,,,,,
"0","0","383",-207.4,2019/12/24 22:50:04+00,,,,,,,,,,,,,,,,,,,,,
"0","0","384",-207.4,2019/12/24 22:50:05+00,,,,,,,,,,,,,,,,,,,,,
"0","0","385",-207.4,2019/12/24 22:50:06+00,,,,,,,,,,,,,,,,,,,,,
"0","0","386",-207.4,2019/12/24 22:50:09+00,,,,,,,,,,,,,,,,,,,,,
"0","0","387",-207.4,2019/12/24 22:50:10+00,,,,,,,,,,,,,,,,,,,,,
"0","0","388",-207.4,2019/12/24 22:50:11+00,,,,,,,,,,,,,,,,,,,,,
"0","0","389",-207.4,2019/12/24 22:50:13+00,,,,,,,,,,,,,,,,,,,,,
"0","0","390",-207.4,2019/12/24 22:50:17+00,,,,,,,,,,,,,,,,,,,,,
"0","0","391",-207.4,2019/12/24 22:50:22+00,,,,,,,,,,,,,,,,,,,,,
"0","0","392",-207.4,2019/12/24 22:50:26+00,,,,,,,,,,,,,,,,,,,,,
"0","0","393",-207.4,2019/12/24 22:50:31+00,,,,,,,,,,,,,,,,,,,,,
"0","0","394",-207.4,2019/12/24 22:50:36+00,,,,,,,,,,,,,,,,,,,,,
"0","0","395",-207.4,2019/12/24 22:50:37+00,,,,,,,,,,,,,,,,,,,,,
"0","0","396",-207.4,2019/12/24 22:50:38+00,,,,,,,,,,,,,,,,,,,,,
"0","0","397",-207.2,2019/12/24 22:50:41+00,,,,,,,,,,,,,,,,,,,,,
"0","0","398",-207.2,2019/12/24 22:50:46+00,,,,,,,,,,,,,,,,,,,,,
"0","0","399",-207.2,2019/12/24 22:50:52+00,,,,,,,,,,,,,,,,,,,,,
"0","0","400",-207.2,2019/12/24 22:50:57+00,,,,,,,,,,,,,,,,,,,,,
"0","0","401",-207.2,2019/12/24 22:50:58+00,,,,,,,,,,,,,,,,,,,,,
"0","0","402",-207.2,2019/12/24 22:50:59+00,,,,,,,,,,,,,,,,,,,,,
"0","0","403",-207.2,2019/12/24 22:51:00+00,,,,,,,,,,,,,,,,,,,,,
"0","0","404",-207.2,2019/12/24 22:51:03+00,,,,,,,,,,,,,,,,,,,,,
"0","0","405",-207.2,2019/12/24 22:51:06+00,,,,,,,,,,,,,,,,,,,,,
"0","0","406",-207.2,2019/12/24 22:51:08+00,,,,,,,,,,,,,,,,,,,,,
"0","0","407",-207.2,2019/12/24 22:51:13+00,,,,,,,,,,,,,,,,,,,,,
"0","0","408",-207.2,2019/12/24 22:51:18+00,,,,,,,,,,,,,,,,,,,,,
"0","0","409",-207.2,2019/12/24 22:51:20+00,,,,,,,,,,,,,,,,,,,,,
"0","0","410",-206.8,2019/12/24 22:51:22+00,,,,,,,,,,,,,,,,,,,,,
"0","0","411",-206.6,2019/12/24 22:51:23+00,,,,,,,,,,,,,,,,,,,,,
"0","0","412",-206,2019/12/24 22:51:24+00,,,,,,,,,,,,,,,,,,,,,
"0","0","413",-205.2,2019/12/24 22:51:25+00,,,,,,,,,,,,,,,,,,,,,
"0","0","414",-204.8,2019/12/24 22:51:26+00,,,,,,,,,,,,,,,,,,,,,
"0","0","415",-204.6,2019/12/24 22:51:28+00,,,,,,,,,,,,,,,,,,,,,
"0","0","416",-206.2,2019/12/24 22:51:31+00,,,,,,,,,,,,,,,,,,,,,
"0","0","417",-206.6,2019/12/24 22:51:32+00,,,,,,,,,,,,,,,,,,,,,
"0","0","418",-207.2,2019/12/24 22:51:38+00,,,,,,,,,,,,,,,,,,,,,
"0","0","419",-207.2,2019/12/24 22:51:42+00,,,,,,,,,,,,,,,,,,,,,
"0","0","420",-207.2,2019/12/24 22:51:43+00,,,,,,,,,,,,,,,,,,,,,
"0","0","421",-207.2,2019/12/24 22:51:45+00,,,,,,,,,,,,,,,,,,,,,
"0","0","422",-206.8,2019/12/24 22:51:47+00,,,,,,,,,,,,,,,,,,,,,
"0","0","423",-206.2,2019/12/24 22:51:49+00,,,,,,,,,,,,,,,,,,,,,
"0","0","424",-206.8,2019/12/24 22:51:54+00,,,,,,,,,,,,,,,,,,,,,
"0","0","425",-207.2,2019/12/24 22:51:55+00,,,,,,,,,,,,,,,,,,,,,
"0","0","426",-207.2,2019/12/24 22:51:56+00,,,,,,,,,,,,,,,,,,,,,
"0","0","427",-207.4,2019/12/24 22:51:57+00,,,,,,,,,,,,,,,,,,,,,
"0","0","428",-207.4,2019/12/24 22:52:03+00,,,,,,,,,,,,,,,,,,,,,
"0","0","429",-207.2,2019/12/24 22:52:08+00,,,,,,,,,,,,,,,,,,,,,
"0","0","430",-207.2,2019/12/24 22:52:09+00,,,,,,,,,,,,,,,,,,,,,
"0","0","431",-207.4,2019/12/24 22:52:11+00,,,,,,,,,,,,,,,,,,,,,
"0","0","432",-206.4,2019/12/24 22:52:16+00,,,,,,,,,,,,,,,,,,,,,
"0","0","433",-206.2,2019/12/24 22:52:17+00,,,,,,,,,,,,,,,,,,,,,
"0","0","434",-205.8,2019/12/24 22:52:21+00,,,,,,,,,,,,,,,,,,,,,
"0","0","435",-206.2,2019/12/24 22:52:26+00,,,,,,,,,,,,,,,,,,,,,
"0","0","436",-207.2,2019/12/24 22:52:28+00,,,,,,,,,,,,,,,,,,,,,
"0","0","437",-207.4,2019/12/24 22:52:31+00,,,,,,,,,,,,,,,,,,,,,
"0","0","438",-207.2,2019/12/24 22:52:34+00,,,,,,,,,,,,,,,,,,,,,
"0","0","439",-207.2,2019/12/24 22:52:35+00,,,,,,,,,,,,,,,,,,,,,
"0","0","440",-207.6,2019/12/24 22:52:38+00,,,,,,,,,,,,,,,,,,,,,
"0","0","441",-207.6,2019/12/24 22:52:39+00,,,,,,,,,,,,,,,,,,,,,
"0","0","442",-207.6,2019/12/24 22:52:41+00,,,,,,,,,,,,,,,,,,,,,
"0","0","443",-207.6,2019/12/24 22:52:42+00,,,,,,,,,,,,,,,,,,,,,
"0","0","444",-206.4,2019/12/24 22:52:46+00,,,,,,,,,,,,,,,,,,,,,
"0","0","445",-208.8,2019/12/24 22:52:49+00,,,,,,,,,,,,,,,,,,,,,
"0","0","446",-209,2019/12/24 22:52:50+00,,,,,,,,,,,,,,,,,,,,,
"0","0","447",-210.2,2019/12/24 22:52:53+00,,,,,,,,,,,,,,,,,,,,,
"0","0","448",-209.2,2019/12/24 22:52:57+00,,,,,,,,,,,,,,,,,,,,,
"0","0","449",-209.2,2019/12/24 22:52:59+00,,,,,,,,,,,,,,,,,,,,,
"0","0","450",-209.2,2019/12/24 22:53:00+00,,,,,,,,,,,,,,,,,,,,,
"0","0","451",-208.6,2019/12/24 22:53:02+00,,,,,,,,,,,,,,,,,,,,,
"0","0","452",-209,2019/12/24 22:53:07+00,,,,,,,,,,,,,,,,,,,,,
"0","0","453",-209.8,2019/12/24 22:53:11+00,,,,,,,,,,,,,,,,,,,,,
"0","0","454",-210.2,2019/12/24 22:53:14+00,,,,,,,,,,,,,,,,,,,,,
"0","0","455",-210,2019/12/24 22:53:16+00,,,,,,,,,,,,,,,,,,,,,
"0","0","456",-209.8,2019/12/24 22:53:17+00,,,,,,,,,,,,,,,,,,,,,
"0","0","457",-209.4,2019/12/24 22:53:19+00,,,,,,,,,,,,,,,,,,,,,
"0","0","458",-209,2019/12/24 22:53:21+00,,,,,,,,,,,,,,,,,,,,,
"0","0","459",-209,2019/12/24 22:53:23+00,,,,,,,,,,,,,,,,,,,,,
"0","0","460",-210,2019/12/24 22:53:27+00,,,,,,,,,,,,,,,,,,,,,
"0","0","461",-210.2,2019/12/24 22:53:29+00,,,,,,,,,,,,,,,,,,,,,
"0","0","462",-210,2019/12/24 22:53:32+00,,,,,,,,,,,,,,,,,,,,,
"0","0","463",-209.2,2019/12/24 22:53:37+00,,,,,,,,,,,,,,,,,,,,,
"0","0","464",-209,2019/12/24 22:53:38+00,,,,,,,,,,,,,,,,,,,,,
"0","0","465",-207.6,2019/12/24 22:53:43+00,,,,,,,,,,,,,,,,,,,,,
"0","0","466",-206,2019/12/24 22:53:46+00,,,,,,,,,,,,,,,,,,,,,
"0","0","467",-206,2019/12/24 22:53:47+00,,,,,,,,,,,,,,,,,,,,,
"0","0","468",-204.4,2019/12/24 22:53:48+00,,,,,,,,,,,,,,,,,,,,,
"0","0","469",-206,2019/12/24 22:53:52+00,,,,,,,,,,,,,,,,,,,,,
"0","0","470",-207.4,2019/12/24 22:53:53+00,,,,,,,,,,,,,,,,,,,,,
"0","0","471",-208.8,2019/12/24 22:53:56+00,,,,,,,,,,,,,,,,,,,,,
"0","0","472",-209.2,2019/12/24 22:54:01+00,,,,,,,,,,,,,,,,,,,,,
"0","0","473",-209.2,2019/12/24 22:54:02+00,,,,,,,,,,,,,,,,,,,,,
"0","0","474",-209.2,2019/12/24 22:54:04+00,,,,,,,,,,,,,,,,,,,,,
"0","0","475",-209.2,2019/12/24 22:54:06+00,,,,,,,,,,,,,,,,,,,,,
"0","0","476",-209.2,2019/12/24 22:54:10+00,,,,,,,,,,,,,,,,,,,,,
"0","0","477",-209.2,2019/12/24 22:54:14+00,,,,,,,,,,,,,,,,,,,,,
"0","0","478",-209.2,2019/12/24 22:54:18+00,,,,,,,,,,,,,,,,,,,,,
"0","0","479",-209.2,2019/12/24 22:54:21+00,,,,,,,,,,,,,,,,,,,,,
"0","0","480",-209.2,2019/12/24 22:54:23+00,,,,,,,,,,,,,,,,,,,,,
"0","0","481",-209,2019/12/24 22:54:28+00,,,,,,,,,,,,,,,,,,,,,
"0","0","482",-209,2019/12/24 22:54:30+00,,,,,,,,,,,,,,,,,,,,,
"0","0","483",-209,2019/12/24 22:54:31+00,,,,,,,,,,,,,,,,,,,,,
"0","0","484",-209,2019/12/24 22:54:35+00,,,,,,,,,,,,,,,,,,,,,
"0","0","485",-209,2019/12/24 22:54:39+00,,,,,,,,,,,,,,,,,,,,,
"0","0","486",-209,2019/12/24 22:54:41+00,,,,,,,,,,,,,,,,,,,,,
